Andres,andres@example.com,9,City View,1
Maria,maria@example.com,4,Patio View,3
Carlos,carlos@example.com,11,City View,2
Lucia,lucia@example.com,10,City View,1
Jorge,jorge@example.com,18,Patio View,3
Ana,ana@example.com,11,Patio View,5
Pedro,pedro@example.com,13,Patio View,1
Elena,elena@example.com,15,City View,5
Diego,diego@example.com,9,City View,1
Sofia,sofia@example.com,9,Patio View,5
Luis,luis@example.com,14,Patio View,2
Valeria,valeria@example.com,11,Patio View,2
Miguel,miguel@example.com,17,Patio View,3
Camila,camila@example.com,4,City View,5
Raul,raul@example.com,14,City View,4
Isabella,isabella@example.com,12,City View,2
Fernando,fernando@example.com,9,City View,2
Paula,paula@example.com,9,City View,3
Manuel,manuel@example.com,17,City View,1
Diana,diana@example.com,5,City View,2